blmval;total_boundary_length;total_cost;score;rank
0;42999508;27567;0.299940386950015;8
1,00E-05;41160392;27588;0.328982108610257;7
1,00E-04;35346832;27918;0.509937635206173;6
1,00E-03;28121090;30503;0.790621443699588;1
1,00E-02;25206810;35154;0.701575090542507;3
1,00E-01;25256758;35038;0.704209575734011;2
1;25209524;35174;0.700991033973095;4
10;25280586;35209;0.699176580124778;5
